{
  "loop (H1)": {
    "members": [
      {
        "shape": "bob",
        "disc": 1,
        "C0": 0.04264944444444444,
        "C0_sd": 0.00121754695703804,
        "C0_tails": [
          0.042871,
          0.041336333333333336,
          0.043741
        ],
        "C1": 0.020774444444444443,
        "C1_sd": 0.000790637038043328,
        "C1_tails": [
          0.020032333333333333,
          0.020685,
          0.021606
        ],
        "C2": 0.043741,
        "C2_nsig": [
          1,
          1,
          1
        ],
        "C0_nsig": [
          2,
          2,
          2
        ],
        "C1_nsig": [
          2,
          2,
          2
        ],
        "reduction": 2.0529764133283415,
        "chamfer_ratio": 0.9294234262246243,
        "ranges_disjoint": true,
        "pass": true
      },
      {
        "shape": "rockerarm",
        "disc": 1,
        "C0": 0.008297777777777777,
        "C0_sd": 0.0004347840247158904,
        "C0_tails": [
          0.008768,
          0.008215,
          0.007910333333333333
        ],
        "C1": 0.008666444444444444,
        "C1_sd": 0.0015325809869241762,
        "C1_tails": [
          0.008999666666666668,
          0.006994666666666666,
          0.010005
        ],
        "C2": 0.011295,
        "C2_nsig": [
          1,
          1,
          1
        ],
        "C0_nsig": [
          1,
          1,
          1
        ],
        "C1_nsig": [
          1,
          1,
          1
        ],
        "reduction": 0.9574604477037872,
        "chamfer_ratio": 1.0029415287504875,
        "ranges_disjoint": false,
        "pass": false
      },
      {
        "shape": "eight",
        "disc": 1,
        "C0": 0.024894888888888887,
        "C0_sd": 2.444116139569523e-05,
        "C0_tails": [
          0.024909,
          0.024909,
          0.024866666666666665
        ],
        "C1": 0.01621211111111111,
        "C1_sd": 0.0017365829261107156,
        "C1_tails": [
          0.016878666666666667,
          0.017516666666666666,
          0.014241000000000002
        ],
        "C2": 0.024909,
        "C2_nsig": [
          2,
          2,
          2
        ],
        "C0_nsig": [
          2,
          2,
          2
        ],
        "C1_nsig": [
          4,
          3,
          4
        ],
        "reduction": 1.5355735424134218,
        "chamfer_ratio": 0.8945407056108113,
        "ranges_disjoint": true,
        "pass": true
      }
    ],
    "mean_reduction": 1.5153368011485169,
    "sd_reduction": 0.5480382760422322,
    "min_reduction": 0.9574604477037872,
    "max_reduction": 2.0529764133283415,
    "n_pass": 2,
    "n": 3
  },
  "void (H2)": {
    "members": [
      {
        "shape": "spot",
        "disc": 2,
        "C0": 0.05208677777777778,
        "C0_sd": 0.008112914535434185,
        "C0_tails": [
          0.042924666666666667,
          0.05835933333333334,
          0.05497633333333333
        ],
        "C1": 0.02374,
        "C1_sd": 0.0,
        "C1_tails": [
          0.02374,
          0.02374,
          0.02374
        ],
        "C2": 0.065219,
        "C2_nsig": [
          0,
          0,
          0
        ],
        "C0_nsig": [
          2,
          1,
          2
        ],
        "C1_nsig": [
          1,
          2,
          1
        ],
        "reduction": 2.1940512964523076,
        "chamfer_ratio": 0.9043957713977585,
        "ranges_disjoint": true,
        "pass": true
      },
      {
        "shape": "fandisk",
        "disc": 2,
        "C0": 0.053797333333333336,
        "C0_sd": 0.0022101240789703267,
        "C0_tails": [
          0.05395933333333333,
          0.05151066666666667,
          0.055922
        ],
        "C1": 0.005182222222222223,
        "C1_sd": 0.0008302422894910014,
        "C1_tails": [
          0.005824333333333333,
          0.005477666666666668,
          0.0042446666666666666
        ],
        "C2": 0.05712999999999999,
        "C2_nsig": [
          0,
          0,
          0
        ],
        "C0_nsig": [
          1,
          1,
          1
        ],
        "C1_nsig": [
          1,
          1,
          1
        ],
        "reduction": 10.381132075471697,
        "chamfer_ratio": 0.900594351833586,
        "ranges_disjoint": true,
        "pass": true
      },
      {
        "shape": "kinkin",
        "disc": 2,
        "C0": 0.022104666666666665,
        "C0_sd": 0.0003080326461774975,
        "C0_tails": [
          0.021750333333333333,
          0.022255,
          0.022308666666666668
        ],
        "C1": 0.005693666666666666,
        "C1_sd": 0.0001760918321028357,
        "C1_tails": [
          0.0058969999999999995,
          0.005592,
          0.005592
        ],
        "C2": 0.022255,
        "C2_nsig": [
          0,
          0,
          0
        ],
        "C0_nsig": [
          1,
          1,
          1
        ],
        "C1_nsig": [
          1,
          1,
          1
        ],
        "reduction": 3.8823253907850828,
        "chamfer_ratio": 0.9869164745183377,
        "ranges_disjoint": true,
        "pass": true
      },
      {
        "shape": "armadillo",
        "disc": 2,
        "C0": 0.051125,
        "C0_sd": 0.0,
        "C0_tails": [
          0.051125,
          0.051125,
          0.051125
        ],
        "C1": 0.012417444444444444,
        "C1_sd": 9.953800688588719e-05,
        "C1_tails": [
          0.012434,
          0.012507666666666667,
          0.012310666666666666
        ],
        "C2": 0.051125,
        "C2_nsig": [
          0,
          0,
          0
        ],
        "C0_nsig": [
          1,
          1,
          1
        ],
        "C1_nsig": [
          1,
          1,
          1
        ],
        "reduction": 4.117191764274273,
        "chamfer_ratio": 0.8787358470990805,
        "ranges_disjoint": true,
        "pass": true
      },
      {
        "shape": "horse",
        "disc": 2,
        "C0": 0.040838,
        "C0_sd": 0.0,
        "C0_tails": [
          0.040838,
          0.040838,
          0.040838
        ],
        "C1": 0.010850333333333335,
        "C1_sd": 0.002212618684826747,
        "C1_tails": [
          0.01244,
          0.008323333333333334,
          0.011787666666666667
        ],
        "C2": 0.040838,
        "C2_nsig": [
          0,
          0,
          0
        ],
        "C0_nsig": [
          1,
          1,
          1
        ],
        "C1_nsig": [
          1,
          1,
          1
        ],
        "reduction": 3.7637553377776407,
        "chamfer_ratio": 0.9015881042239967,
        "ranges_disjoint": true,
        "pass": true
      }
    ],
    "mean_reduction": 4.867691172952201,
    "sd_reduction": 3.174084521167468,
    "min_reduction": 2.1940512964523076,
    "max_reduction": 10.381132075471697,
    "n_pass": 5,
    "n": 5
  },
  "_external_span": {
    "min": 0.9574604477037872,
    "max": 10.381132075471697,
    "n_shapes": 8,
    "n_pass": 7
  }
}