{
  "name": "T3 far-two-spheres->gap0.7 (H0)",
  "disc_dim": 0,
  "iters": 250,
  "lr": 0.01,
  "bottleneck_initial": 0.06370963324964378,
  "bottleneck_final": 5.182466592743018e-05,
  "factor": 1229.330321952409,
  "betti_initial": [
    2,
    0,
    2
  ],
  "betti_final": [
    2,
    0,
    2
  ],
  "betti_target": [
    2,
    0,
    2
  ],
  "seconds": 56.33148679998703,
  "series": [
    [
      0,
      0.06370963324964378
    ],
    [
      1,
      0.059089888301649185
    ],
    [
      2,
      0.05464734586591655
    ],
    [
      3,
      0.0503531854683284
    ],
    [
      4,
      0.04615247875215536
    ],
    [
      5,
      0.04201634396969223
    ],
    [
      6,
      0.03793768573819242
    ],
    [
      7,
      0.03391771767196311
    ],
    [
      8,
      0.02996385305722321
    ],
    [
      9,
      0.02608811087620777
    ],
    [
      10,
      0.0223050642208292
    ],
    [
      11,
      0.018631217300370262
    ],
    [
      12,
      0.015085278423943638
    ],
    [
      13,
      0.01168794102687706
    ],
    [
      14,
      0.008460827963208156
    ],
    [
      15,
      0.00542509581718306
    ],
    [
      16,
      0.0026002129240225713
    ],
    [
      17,
      3.1237978236342556e-06
    ],
    [
      18,
      0.002352221044078534
    ],
    [
      19,
      0.0044550829646132495
    ],
    [
      20,
      0.006298005797337191
    ],
    [
      21,
      0.007876791520202542
    ],
    [
      22,
      0.009190379249127412
    ],
    [
      23,
      0.01024059200120092
    ],
    [
      24,
      0.011031705308665065
    ],
    [
      25,
      0.011569800451071085
    ],
    [
      26,
      0.011861894175423215
    ],
    [
      27,
      0.011914900987045396
    ],
    [
      28,
      0.011734604163332411
    ],
    [
      29,
      0.0113249774920548
    ],
    [
      30,
      0.010688309803928403
    ],
    [
      31,
      0.009826453654418449
    ],
    [
      32,
      0.00874309311802518
    ],
    [
      33,
      0.007446532326321613
    ],
    [
      34,
      0.005952629699960882
    ],
    [
      35,
      0.004288186492149126
    ],
    [
      36,
      0.0024958891788319504
    ],
    [
      37,
      0.0006421524875493967
    ],
    [
      38,
      0.0011726552274317348
    ],
    [
      39,
      0.002809737846317467
    ],
    [
      40,
      0.004113111795677249
    ],
    [
      41,
      0.0049645600741305956
    ],
    [
      42,
      0.005329762136797062
    ],
    [
      43,
      0.0052523973357206655
    ],
    [
      44,
      0.004818499047596512
    ],
    [
      45,
      0.004127223935532498
    ],
    [
      46,
      0.0032753757486432278
    ],
    [
      47,
      0.00234977167569772
    ],
    [
      48,
      0.001422894930015239
    ],
    [
      49,
      0.0005504704883695366
    ],
    [
      50,
      0.00022896130764299416
    ],
    [
      51,
      0.0008924544121097775
    ],
    [
      52,
      0.001429635568272386
    ],
    [
      53,
      0.0018391990034240802
    ],
    [
      54,
      0.002125738313196345
    ],
    [
      55,
      0.0022973410669840373
    ],
    [
      56,
      0.0023640042291057373
    ],
    [
      57,
      0.0023367232296304663
    ],
    [
      58,
      0.002227048410200133
    ],
    [
      59,
      0.0020469229169307046
    ],
    [
      60,
      0.0018086613564847476
    ],
    [
      61,
      0.0015249706301174448
    ],
    [
      62,
      0.0012089447618534033
    ],
    [
      63,
      0.0008739856320949813
    ],
    [
      64,
      0.0005336163788133563
    ],
    [
      65,
      0.00020116928015756486
    ],
    [
      66,
      0.00011065082994041187
    ],
    [
      67,
      0.0003903020284990455
    ],
    [
      68,
      0.0006279870619216033
    ],
    [
      69,
      0.0008162060157549388
    ],
    [
      70,
      0.0009501944252622019
    ],
    [
      71,
      0.0010281703157808408
    ],
    [
      72,
      0.0010513419813697467
    ],
    [
      73,
      0.0010236690370034884
    ],
    [
      74,
      0.0009514108710942103
    ],
    [
      75,
      0.0008425279622708279
    ],
    [
      76,
      0.0007060161477094595
    ],
    [
      77,
      0.0005512513855212564
    ],
    [
      78,
      0.00038740700338266154
    ],
    [
      79,
      0.00022298309995030793
    ],
    [
      80,
      6.546469794863063e-05
    ],
    [
      81,
      7.889409828693014e-05
    ],
    [
      82,
      0.00020517592506610888
    ],
    [
      83,
      0.00030981863373946694
    ],
    [
      84,
      0.0003905702139752887
    ],
    [
      85,
      0.00044640125009864917
    ],
    [
      86,
      0.00047739128423848753
    ],
    [
      87,
      0.0004846002770370339
    ],
    [
      88,
      0.00046993173211393175
    ],
    [
      89,
      0.00043599053596185533
    ],
    [
      90,
      0.0003859363508662006
    ],
    [
      91,
      0.00032333244990462306
    ],
    [
      92,
      0.000251990042092448
    ],
    [
      93,
      0.00017580917388940187
    ],
    [
      94,
      9.861892561444097e-05
    ],
    [
      95,
      2.4021504915594516e-05
    ],
    [
      96,
      4.475341813783838e-05
    ],
    [
      97,
      0.00010497659467723072
    ],
    [
      98,
      0.0001545214656084315
    ],
    [
      99,
      0.00019193380717771877
    ],
    [
      100,
      0.0002164637047802065
    ],
    [
      101,
      0.000228057678577892
    ],
    [
      102,
      0.00022731214865356897
    ],
    [
      103,
      0.0002153927520958665
    ],
    [
      104,
      0.0001939267910555098
    ],
    [
      105,
      0.00016487791001459917
    ],
    [
      106,
      0.0001304127869476423
    ],
    [
      107,
      9.276921148429484e-05
    ],
    [
      108,
      5.4133629052710575e-05
    ],
    [
      109,
      1.65343747993707e-05
    ],
    [
      110,
      1.824525114160757e-05
    ],
    [
      111,
      4.87319078943671e-05
    ],
    [
      112,
      7.380468411966046e-05
    ],
    [
      113,
      9.271597544507904e-05
    ],
    [
      114,
      0.00010509254098528542
    ],
    [
      115,
      0.00011091907096422157
    ],
    [
      116,
      0.00011050689508840247
    ],
    [
      117,
      0.00010445059229682863
    ],
    [
      118,
      9.357530918496781e-05
    ],
    [
      119,
      7.887761310290675e-05
    ],
    [
      120,
      6.146272213328197e-05
    ],
    [
      121,
      4.248096409725788e-05
    ],
    [
      122,
      2.3066293909135283e-05
    ],
    [
      123,
      4.279603646017982e-06
    ],
    [
      124,
      1.2940647917875078e-05
    ],
    [
      125,
      2.7818309957655663e-05
    ],
    [
      126,
      3.9768245381432976e-05
    ],
    [
      127,
      4.841283556306085e-05
    ],
    [
      128,
      5.358598911039957e-05
    ],
    [
      129,
      5.5325131945199724e-05
    ],
    [
      130,
      5.3852391030173585e-05
    ],
    [
      131,
      4.95468115961073e-05
    ],
    [
      132,
      4.2909910580257726e-05
    ],
    [
      133,
      3.4527131994893656e-05
    ],
    [
      134,
      2.5027823730455756e-05
    ],
    [
      135,
      1.5046215150665843e-05
    ],
    [
      136,
      5.185575339516912e-06
    ],
    [
      137,
      4.012680919984746e-06
    ],
    [
      138,
      1.2093649163519293e-05
    ],
    [
      139,
      1.870655839050772e-05
    ],
    [
      140,
      2.361504358849853e-05
    ],
    [
      141,
      2.670018243797201e-05
    ],
    [
      142,
      2.7956782994026375e-05
    ],
    [
      143,
      2.748371298436081e-05
    ],
    [
      144,
      2.5469295151597793e-05
    ],
    [
      145,
      2.217295795531315e-05
    ],
    [
      146,
      1.790442910176715e-05
    ],
    [
      147,
      1.3001792873501561e-05
    ],
    [
      148,
      7.809702929018059e-06
